,infobits,field,ccdid,qid,rcid,fid,filtercode,rfid,nframes,maglimit,startobsdate,endobsdate,crpix1,crpix2,crval1,crval2,cd11,cd12,cd21,cd22,ra,dec,ra1,dec1,ra2,dec2,ra3,dec3,ra4,dec4,ipac_pub_date,ipac_gid,meta_id
0,16,1653,9,1,32,2,zr,1653120232,34,22.0386009,2018-08-26 09:15:16.593+00,2019-10-09 08:52:13.789+00,1600.5,1600.5,65.7938925,31.0789685,0.0002776475730567,-8.504058020805998e-06,-8.504058020805998e-06,-0.0002776475730567,65.7938925,31.0789685,65.2886684,31.53580836,66.33088719,31.50846874,66.29427346,30.62017788,65.26174089,30.64726319,2019-05-08 00:00:00+00,-1,268927844
1,0,1653,9,1,32,1,zg,1653120132,40,22.5125008,2018-09-18 11:25:07.416+00,2019-10-10 08:10:56.227+00,1600.5,1600.5,65.8130855,31.0798287,0.0002776476823331,-8.500489525626e-06,-8.500489525626e-06,-0.0002776476823331,65.8130855,31.0798287,65.30784987,31.53666296,66.35007868,31.50933481,66.31347777,30.62104356,65.28093562,30.64811749,2019-05-08 00:00:00+00,-1,268928514
2,0,1653,9,2,33,2,zr,1653120233,28,21.9689999,2018-08-26 09:15:16.593+00,2019-10-09 08:52:13.789+00,1600.5,1600.5,64.7826282,31.1144765,0.0002777117320066,-6.057039956751e-06,-6.057039956751e-06,-0.0002777117320066,64.7826282,31.1144765,64.27251697,31.56748415,65.31537659,31.54801128,65.28788321,30.65947873,64.254736,30.67877017,2019-05-08 00:00:00+00,-1,268927885
3,0,1653,13,4,51,1,zg,1653120151,40,22.5326996,2018-09-18 11:25:07.416+00,2019-10-10 08:10:56.227+00,1600.5,1600.5,65.8533154,32.1268303,0.0002776258548393,-9.185779873226e-06,-9.185779873226e-06,-0.0002776258548393,65.8533154,32.1268303,65.34360045,32.58469025,66.39773603,32.5551532,66.3579291,31.6669486,65.31399594,31.69619947,2019-05-08 00:00:00+00,-1,268928520
4,0,1653,13,3,50,2,zr,1653120250,26,21.8810005,2018-08-26 09:15:16.593+00,2019-10-09 08:52:13.789+00,1600.5,1600.5,64.8113099,32.1631583,0.0002777011876975,-6.522589866189e-06,-6.522589866189e-06,-0.0002777011876975,64.8113099,32.1631583,64.29620999,32.61685554,65.35106326,32.59588186,65.3212938,31.70739494,64.2766725,31.72816507,2019-05-08 00:00:00+00,-1,268928433
5,0,1653,5,1,16,1,zg,1653120116,40,22.5310993,2018-09-18 11:25:07.416+00,2019-10-10 08:10:56.227+00,1600.5,1600.5,65.7458333,29.1688597,0.0002776551326277,-8.253553937712998e-06,-8.253553937712998e-06,-0.0002776551326277,65.7458333,29.1688597,65.24999313,29.62538192,66.27191758,29.5988568,66.23727391,28.71052751,65.22414852,28.73682405,2019-05-08 00:00:00+00,-1,268928491
6,16,1653,5,4,19,2,zr,1653120219,33,21.9962006,2018-08-26 09:15:16.593+00,2019-10-09 08:52:13.789+00,1600.5,1600.5,65.6977025,28.3026661,0.0002776578327905,-8.162212763244e-06,-8.162212763244e-06,-0.0002776578327905,65.6977025,28.3026661,65.20586188,28.75907805,66.21920571,28.73285048,66.18533343,27.84450673,65.18040894,27.87051621,2019-05-08 00:00:00+00,-1,268928481
7,16,1653,7,4,27,2,zr,1653120227,26,22.0030003,2018-08-26 09:15:16.593+00,2019-10-09 08:52:13.789+00,1600.5,1600.5,61.4809909,28.3461329,0.0002777683811125,2.284793486756e-06,2.284793486756e-06,-0.0002777683811125,61.4809909,28.3461329,60.96975022,28.78593533,61.98392493,28.7932771,61.98800581,27.90444004,60.98228264,27.89715945,2019-05-08 00:00:00+00,-1,268928416
8,16,1653,8,3,30,1,zg,1653120130,39,22.4169006,2018-09-18 11:25:07.416+00,2019-10-10 08:10:56.227+00,1600.5,1600.5,58.3967321,28.285549,0.0002776088221552,9.686882299581e-06,9.686882299581e-06,-0.0002776088221552,58.3967321,28.285549,57.87263484,28.7132061,58.88563158,28.74433276,58.91662638,27.85590746,57.91203565,27.8250394,2019-05-08 00:00:00+00,-1,268926490
9,16,1653,15,2,57,1,zg,1653120157,37,22.4396,2018-09-18 11:25:07.416+00,2019-10-10 08:10:56.227+00,1600.5,1600.5,60.4238137,33.0282196,0.000277725279504,5.400273281859e-06,5.400273281859e-06,-0.000277725279504,60.4238137,33.0282196,59.88083091,33.46274766,60.94618713,33.48011536,60.96145431,32.59136319,59.9067825,32.57416973,2019-05-08 00:00:00+00,-1,268928445
10,0,1653,14,1,52,2,zr,1653120252,33,22.0379009,2018-08-26 09:15:16.593+00,2019-10-09 08:52:13.789+00,1600.5,1600.5,63.6550652,33.0322299,0.0002777453667489,-4.243238940159e-06,-4.243238940159e-06,-0.0002777453667489,63.6550652,33.0322299,63.13042054,33.48229707,64.1959043,33.46865047,64.17436502,32.57998963,63.1195709,32.59349928,2019-05-08 00:00:00+00,-1,268928444
11,0,1653,16,1,60,2,zr,1653120260,40,22.1324997,2018-08-26 09:15:16.593+00,2019-10-09 08:52:13.789+00,1600.5,1600.5,59.241733,33.0073364,0.0002776684853214,7.791411070923998e-06,7.791411070923998e-06,-0.0002776684853214,59.241733,33.0073364,58.69442987,33.43792953,59.75930837,33.46298718,59.78370384,32.57437826,58.72948998,32.54957175,2019-05-08 00:00:00+00,-1,268928561
12,16,1653,15,2,57,2,zr,1653120257,36,22.0853004,2018-08-26 09:15:16.593+00,2019-10-09 08:52:13.789+00,1600.5,1600.5,60.414827,33.0282761,0.000277725598581,5.383838771161e-06,5.383838771161e-06,-0.000277725598581,60.414827,33.0282761,59.87187459,33.4628311,60.93723275,33.48014594,60.95243718,32.59139301,59.89776352,32.57425188,2019-05-08 00:00:00+00,-1,268928527
13,16,1653,16,1,60,1,zg,1653120160,40,22.4890995,2018-09-18 11:25:07.416+00,2019-10-10 08:10:56.227+00,1600.5,1600.5,59.2500932,33.0081745,0.0002776679078587,7.811963423391e-06,7.811963423391e-06,-0.0002776679078587,59.2500932,33.0081745,58.7027467,33.43873362,59.76763324,33.46385737,59.79210723,32.57524996,58.73788569,32.55037802,2019-05-08 00:00:00+00,-1,268928545
14,16,1653,15,4,59,2,zr,1653120259,24,21.9071999,2018-08-26 09:15:16.593+00,2019-10-09 08:52:13.789+00,1600.5,1600.5,61.4532452,32.1850567,0.0002777648113332,2.683917320066e-06,2.683917320066e-06,-0.0002777648113332,61.4532452,32.1850567,60.92049347,32.6240528,61.97585008,32.63268311,61.98087069,31.74384894,60.93576658,31.73530248,2019-05-08 00:00:00+00,-1,268928437
15,0,1653,10,1,36,1,zg,1653120136,40,22.5107002,2018-09-18 11:25:07.416+00,2019-10-10 08:10:56.227+00,1600.5,1600.5,63.6422402,31.1221139,0.0002777585957355,-3.264402264155e-06,-3.264402264155e-06,-0.0002777585957355,63.6422402,31.1221139,63.12677901,31.57070717,64.16990252,31.56021237,64.15284004,30.67148808,63.11943921,30.68188506,2019-05-08 00:00:00+00,-1,268928529
16,0,1653,10,1,36,2,zr,1653120236,27,21.9694996,2018-08-26 09:15:16.593+00,2019-10-09 08:52:13.789+00,1600.5,1600.5,63.6211626,31.1351921,0.0002777586596988,-3.258955273177e-06,-3.258955273177e-06,-0.0002777586596988,63.6211626,31.1351921,63.10561878,31.58377619,64.14888886,31.57329887,64.13184188,30.68457434,63.09830085,30.69495394,2019-05-08 00:00:00+00,-1,268927843
17,16,1653,10,2,37,2,zr,1653120237,27,21.9680004,2018-08-26 09:15:16.593+00,2019-10-09 08:52:13.789+00,1600.5,1600.5,62.610696,31.143116,0.0002777766610069,-7.876718536088999e-07,-7.876718536088999e-07,-0.0002777766610069,62.610696,31.143116,62.09045466,31.58775606,63.13388202,31.58522374,63.12606963,30.69640457,62.09237769,30.69891326,2019-05-08 00:00:00+00,-1,268928022
18,16,1653,2,4,7,1,zg,1653120107,40,22.3593006,2018-09-18 11:25:07.416+00,2019-10-10 08:10:56.227+00,1600.5,1600.5,63.5697593,26.4212174,0.0002777626436877,-2.899585968751e-06,-2.899585968751e-06,-0.0002777626436877,63.5697593,26.4212174,63.07677649,26.8694127,64.07310207,26.86009848,64.05891762,25.97134494,63.070241,25.98058765,2019-05-08 00:00:00+00,-1,268928490
19,16,1653,2,2,5,2,zr,1653120205,25,21.8801994,2018-08-26 09:15:16.593+00,2019-10-09 08:52:13.789+00,1600.5,1600.5,62.5985609,27.3119806,0.0002777766784772,-7.814866253375001e-07,-7.814866253375001e-07,-0.0002777766784772,62.5985609,27.3119806,62.09776429,27.75676266,63.10217177,27.75425194,63.09535041,26.86542828,62.09895714,26.86791897,2019-05-08 00:00:00+00,-1,268928404
20,16,1653,2,3,6,2,zr,1653120206,25,21.8878994,2018-08-26 09:15:16.593+00,2019-10-09 08:52:13.789+00,1600.5,1600.5,62.5959846,26.4455359,0.0002777768425115,-7.208269594659e-07,-7.208269594659e-07,-0.0002777768425115,62.5959846,26.4455359,62.09897687,26.89025363,63.09556833,26.88793814,63.08916219,25.99911232,62.10023102,26.00141002,2019-05-08 00:00:00+00,-1,268928410
21,16,1653,4,1,12,2,zr,1653120212,24,21.9596004,2018-08-26 09:15:16.593+00,2019-10-09 08:52:13.789+00,1600.5,1600.5,59.3960118,27.2802049,0.000277701182233,6.522822512589e-06,6.522822512589e-06,-0.000277701182233,59.3960118,27.2802049,58.88235113,27.71313402,59.8861895,27.73409006,59.90567633,26.84541446,58.90983028,26.82462535,2019-05-08 00:00:00+00,-1,268928406
22,16,1653,4,3,14,2,zr,1653120214,30,21.9326992,2018-08-26 09:15:16.593+00,2019-10-09 08:52:13.789+00,1600.5,1600.5,58.4549387,26.3798862,0.0002776462727367,8.546406414514e-06,8.546406414514e-06,-0.0002776462727367,58.4549387,26.3798862,57.9419065,26.80951326,58.93744628,26.8369663,58.96416113,25.94844416,57.97624094,25.92120144,2019-05-08 00:00:00+00,-1,268928476
23,16,1653,4,2,13,2,zr,1653120213,28,21.9766006,2018-08-26 09:15:16.593+00,2019-10-09 08:52:13.789+00,1600.5,1600.5,58.4248716,27.2557922,0.0002776433255679,8.641619913665998e-06,8.641619913665998e-06,-0.0002776433255679,58.4248716,27.2557922,57.90761851,27.68522621,58.91102062,27.71298923,58.93813694,26.82447175,57.94271038,26.79692962,2019-05-08 00:00:00+00,-1,268928415
24,16,1653,3,4,11,1,zg,1653120111,40,22.3855991,2018-09-18 11:25:07.416+00,2019-10-10 08:10:56.227+00,1600.5,1600.5,61.5133889,26.4256523,0.0002777745731616,1.334290840225e-06,1.334290840225e-06,-0.0002777745731616,61.5133889,26.4256523,61.01280119,26.86706636,62.00920913,26.87135245,62.01015059,25.98250853,61.0213947,25.97825535,2019-05-08 00:00:00+00,-1,268928501
25,16,1653,3,3,10,1,zg,1653120110,39,22.4337997,2018-09-18 11:25:07.416+00,2019-10-10 08:10:56.227+00,1600.5,1600.5,60.5484252,26.4181152,0.0002777555635628,3.512938522957e-06,3.512938522957e-06,-0.0002777555635628,60.5484252,26.4181152,60.04401338,26.85599995,61.04028594,26.86728441,61.04901356,25.97847445,60.06038793,25.96727662,2019-05-08 00:00:00+00,-1,268928498
26,16,1653,3,2,9,2,zr,1653120209,24,21.9176006,2018-08-26 09:15:16.593+00,2019-10-09 08:52:13.789+00,1600.5,1600.5,60.5144768,27.2996505,0.0002777550717636,3.551610437677e-06,3.551610437677e-06,-0.0002777550717636,60.5144768,27.2996505,60.00597521,27.73743791,61.01018991,27.7488483,61.0189751,26.86003826,60.02276699,26.84871885,2019-05-08 00:00:00+00,-1,268928402
27,16,1653,4,4,15,1,zg,1653120115,36,22.4018993,2018-09-18 11:25:07.416+00,2019-10-10 08:10:56.227+00,1600.5,1600.5,59.4403066,26.3988894,0.000277704627957,6.374436322816e-06,6.374436322816e-06,-0.000277704627957,59.4403066,26.3988894,58.93096189,26.8320975,59.92688042,26.85257374,59.94583452,25.96389155,58.9575496,25.94357233,2019-05-08 00:00:00+00,-1,268928469
28,16,1653,3,2,9,1,zg,1653120109,39,22.3920994,2018-09-18 11:25:07.416+00,2019-10-10 08:10:56.227+00,1600.5,1600.5,60.5361184,27.2845922,0.0002777554517912,3.521764817968e-06,3.521764817968e-06,-0.0002777554517912,60.5361184,27.2845922,60.02774009,27.72242875,61.03181742,27.73374323,61.04049652,26.84493238,60.04441959,26.83370806,2019-05-08 00:00:00+00,-1,268928025
29,16,1653,3,4,11,2,zr,1653120211,24,21.8469009,2018-08-26 09:15:16.593+00,2019-10-09 08:52:13.789+00,1600.5,1600.5,61.4919958,26.4409423,0.0002777744672425,1.356161983341e-06,1.356161983341e-06,-0.0002777744672425,61.4919958,26.4409423,60.9913015,26.88232048,61.98784383,26.88667684,61.98886101,25.99783298,60.99997687,25.9935101,2019-05-08 00:00:00+00,-1,268928426
30,16,1653,4,4,15,2,zr,1653120215,23,21.9325008,2018-08-26 09:15:16.593+00,2019-10-09 08:52:13.789+00,1600.5,1600.5,59.4185364,26.4151207,0.0002777043259895,6.387578092164e-06,6.387578092164e-06,-0.0002777043259895,59.4185364,26.4151207,58.90909574,26.84830656,59.90515601,26.86882508,59.92415703,25.98014364,58.93573685,25.95978259,2019-05-08 00:00:00+00,-1,268928403
31,16,1653,1,3,2,1,zg,1653120102,39,22.3693008,2018-09-18 11:25:07.416+00,2019-10-10 08:10:56.227+00,1600.5,1600.5,64.672994,26.4104842,0.0002777097824686,-6.145774837966e-06,-6.145774837966e-06,-0.0002777097824686,64.672994,26.4104842,64.1859525,26.86380911,65.18199176,26.84406734,65.15621606,25.95552291,64.16781564,25.97511321,2019-05-08 00:00:00+00,-1,268928488
32,16,1653,1,3,2,2,zr,1653120202,36,22.0704002,2018-08-26 09:15:16.593+00,2019-10-09 08:52:13.789+00,1600.5,1600.5,64.6673379,26.4139057,0.0002777097377108,-6.147796985372e-06,-6.147796985372e-06,-0.0002777097377108,64.6673379,26.4139057,64.18028536,26.86723367,65.17635458,26.84748539,65.15057032,25.95894114,64.16214131,25.97853787,2019-05-08 00:00:00+00,-1,268928516
33,16,1653,1,2,1,2,zr,1653120201,28,21.9424,2018-08-26 09:15:16.593+00,2019-10-09 08:52:13.789+00,1600.5,1600.5,64.686801,27.2922628,0.0002777070247768,-6.2691480098e-06,-6.2691480098e-06,-0.0002777070247768,64.686801,27.2922628,64.19610168,27.74574937,65.20007248,27.72560828,65.17350131,26.83707772,64.1775285,26.85705829,2019-05-08 00:00:00+00,-1,268928428
34,0,1653,1,4,3,1,zg,1653120103,40,22.3899994,2018-09-18 11:25:07.416+00,2019-10-10 08:10:56.227+00,1600.5,1600.5,65.6505327,26.387621,0.0002776530698948,-8.322656134102e-06,-8.322656134102e-06,-0.0002776530698948,65.6505327,26.387621,65.16758023,26.84435233,66.16321263,26.817618,66.12967343,25.92928171,65.14166446,25.95581117,2019-05-08 00:00:00+00,-1,268928486
35,16,1653,2,1,4,1,zg,1653120104,38,22.4083996,2018-09-18 11:25:07.416+00,2019-10-10 08:10:56.227+00,1600.5,1600.5,63.5899626,27.2876882,0.0002777625631353,-2.907292146033e-06,-2.907292146033e-06,-0.0002777625631353,63.5899626,27.2876882,63.09313032,27.73586343,64.09726219,27.72652307,64.08279362,26.83777177,63.08666425,26.84703768,2019-05-08 00:00:00+00,-1,268928474
36,16,1653,6,2,21,1,zg,1653120121,38,22.3460999,2018-09-18 11:25:07.416+00,2019-10-10 08:10:56.227+00,1600.5,1600.5,62.623151,29.2071372,0.0002777766051472,-8.071307401467e-07,-8.071307401467e-07,-0.0002777766051472,62.623151,29.2071372,62.11324738,29.65188665,63.13601335,29.64929268,63.12863881,28.76047167,62.11470445,28.76304324,2019-05-08 00:00:00+00,-1,268928494
37,16,1653,6,3,22,1,zg,1653120122,39,22.4080009,2018-09-18 11:25:07.416+00,2019-10-10 08:10:56.227+00,1600.5,1600.5,62.6107442,28.3406214,0.0002777767697633,-7.483361611570001e-07,-7.483361611570001e-07,-0.0002777767697633,62.6107442,28.3406214,62.1050284,28.78531067,63.11918053,28.78290603,63.11223491,27.89408273,62.10653296,27.89646734,2019-05-08 00:00:00+00,-1,268928452
38,16,1653,11,3,42,1,zg,1653120142,36,22.3649998,2018-09-18 11:25:07.416+00,2019-10-10 08:10:56.227+00,1600.5,1600.5,60.4853426,30.2477896,0.0002777410359547,4.517828457997e-06,4.517828457997e-06,-0.0002777410359547,60.4853426,30.2477896,59.96023154,30.6838822,60.99371986,30.69840435,61.00580197,29.8096213,59.98161706,29.79522991,2019-05-08 00:00:00+00,-1,268928513
39,16,1653,8,1,28,2,zr,1653120228,28,22.0391998,2018-08-26 09:15:16.593+00,2019-10-09 08:52:13.789+00,1600.5,1600.5,59.3423993,29.1816546,0.0002776765639441,7.497977283498e-06,7.497977283498e-06,-0.0002776765639441,59.3423993,29.1816546,58.81759283,29.61289958,59.83972695,29.6369965,59.86280205,28.74838046,58.84947543,28.72449133,2019-05-08 00:00:00+00,-1,268928450
40,16,1653,10,3,38,2,zr,1653120238,29,22.0487995,2018-08-26 09:15:16.593+00,2019-10-09 08:52:13.789+00,1600.5,1600.5,62.6081748,30.2739874,0.0002777768042856,-7.354101048926e-07,-7.354101048926e-07,-0.0002777768042856,62.6081748,30.2739874,62.09258516,30.71857919,63.12648909,30.71621527,63.11910421,29.82739383,62.09452074,29.82973644,2019-05-08 00:00:00+00,-1,268928027
41,0,1653,7,1,24,1,zg,1653120124,40,22.3955994,2018-09-18 11:25:07.416+00,2019-10-10 08:10:56.227+00,1600.5,1600.5,61.4937887,29.2091111,0.0002777677808369,2.35664085134e-06,2.35664085134e-06,-0.0002777677808369,61.4937887,29.2091111,60.97809264,29.64876247,62.00084576,29.65633627,62.00506908,28.76749959,60.99114734,28.7599912,2019-05-08 00:00:00+00,-1,268928504
42,16,1653,8,1,28,1,zg,1653120128,40,22.4962006,2018-09-18 11:25:07.416+00,2019-10-10 08:10:56.227+00,1600.5,1600.5,59.3628076,29.1812682,0.0002776760746675,7.516075068156998e-06,7.516075068156998e-06,-0.0002776760746675,59.3628076,29.1812682,58.83797089,29.61248333,59.86009926,29.63663841,59.8832407,28.74802369,58.86991959,28.72407689,2019-05-08 00:00:00+00,-1,268928502
43,16,1653,11,4,43,1,zg,1653120143,39,22.4458008,2018-09-18 11:25:07.416+00,2019-10-10 08:10:56.227+00,1600.5,1600.5,61.4887437,30.2610279,0.0002777704200719,2.021771554601e-06,2.021771554601e-06,-0.0002777704200719,61.4887437,30.2610279,60.96812846,30.70117864,62.0018694,30.70767745,62.00470218,29.8188365,60.98027478,29.81239623,2019-05-08 00:00:00+00,-1,268927888
44,16,1653,10,3,38,1,zg,1653120138,36,22.3838997,2018-09-18 11:25:07.416+00,2019-10-10 08:10:56.227+00,1600.5,1600.5,62.6295831,30.2586408,0.0002777768024545,-7.361014467768e-07,-7.361014467768e-07,-0.0002777768024545,62.6295831,30.2586408,62.11407677,30.70323432,63.14781621,30.70086818,63.14043279,29.81204674,62.11600662,29.81439156,2019-05-08 00:00:00+00,-1,268928487
45,16,1653,7,3,26,2,zr,1653120226,27,22.0566006,2018-08-26 09:15:16.593+00,2019-10-09 08:52:13.789+00,1600.5,1600.5,60.4983727,28.3460313,0.0002777393089303,4.622780774245e-06,4.622780774245e-06,-0.0002777393089303,60.4983727,28.3460313,59.98293625,28.78203087,60.99700248,28.79688535,61.00958518,27.90811,60.00396691,27.89337931,2019-05-08 00:00:00+00,-1,268928449
46,16,1653,11,3,42,2,zr,1653120242,27,22.0337009,2018-08-26 09:15:16.593+00,2019-10-09 08:52:13.789+00,1600.5,1600.5,60.4669251,30.251689,0.0002777412646991,4.503744053888e-06,4.503744053888e-06,-0.0002777412646991,60.4669251,30.251689,59.94181849,30.68780444,60.97534942,30.70228132,60.9873791,29.81349774,59.96315343,29.79915123,2019-05-08 00:00:00+00,-1,268928443
47,16,1653,12,3,46,1,zg,1653120146,38,22.4046993,2018-09-18 11:25:07.416+00,2019-10-10 08:10:56.227+00,1600.5,1600.5,58.3269705,30.2000551,0.0002775923246969,1.014864998469e-05,1.014864998469e-05,-0.0002775923246969,58.3269705,30.2000551,57.79197597,30.62686204,58.82439319,30.65948358,58.85733446,29.77109518,57.83417845,29.73876665,2019-05-08 00:00:00+00,-1,268926492
48,16,1653,8,2,29,1,zg,1653120129,39,22.4496002,2018-09-18 11:25:07.416+00,2019-10-10 08:10:56.227+00,1600.5,1600.5,58.3625853,29.1543153,0.0002776052825504,9.787794809991e-06,9.787794809991e-06,-0.0002776052825504,58.3625853,29.1543153,57.83385915,29.58176793,58.85545037,29.61322365,58.88691835,28.72480413,57.87411338,28.69361927,2019-05-08 00:00:00+00,-1,268927887
49,16,1653,12,3,46,2,zr,1653120246,29,22.0345001,2018-08-26 09:15:16.593+00,2019-10-09 08:52:13.789+00,1600.5,1600.5,58.3186412,30.2044809,0.0002775928761799,1.013355423013e-05,1.013355423013e-05,-0.0002775928761799,58.3186412,30.2044809,57.7836491,30.63131279,58.81611566,30.66388583,58.84900166,29.77549586,57.82579845,29.74321545,2019-05-08 00:00:00+00,-1,268928024
50,16,1653,12,4,47,2,zr,1653120247,29,22.0883999,2018-08-26 09:15:16.593+00,2019-10-09 08:52:13.789+00,1600.5,1600.5,59.3191228,30.2310074,0.0002776727432807,7.638158552162e-06,7.638158552162e-06,-0.0002776727432807,59.3191228,30.2310074,58.78845396,30.66197648,59.82150512,30.68652853,59.84514846,29.79791892,58.82138371,29.77358773,2019-05-08 00:00:00+00,-1,268928473
51,0,1653,11,2,41,2,zr,1653120241,25,21.9577007,2018-08-26 09:15:16.593+00,2019-10-09 08:52:13.789+00,1600.5,1600.5,60.4512398,31.1180924,0.0002777408166988,4.531287524069e-06,4.531287524069e-06,-0.0002777408166988,60.4512398,31.1180924,59.92126661,31.55412613,60.96427743,31.56869386,60.97635389,30.67990966,59.94306131,30.6654777,2019-05-08 00:00:00+00,-1,268928412
52,16,1653,11,2,41,1,zg,1653120141,38,22.4435997,2018-09-18 11:25:07.416+00,2019-10-10 08:10:56.227+00,1600.5,1600.5,60.471683,31.1173045,0.0002777405841698,4.545517814804e-06,4.545517814804e-06,-0.0002777405841698,60.471683,31.1173045,59.94168814,31.55331502,60.98468926,31.56792849,60.99681897,30.67914482,59.96353567,30.66466754,2019-05-08 00:00:00+00,-1,268927886
53,16,1653,3,1,8,2,zr,1653120208,25,21.8560009,2018-08-26 09:15:16.593+00,2019-10-09 08:52:13.789+00,1600.5,1600.5,61.4875177,27.3074386,0.0002777741631088,1.417087274611e-06,1.417087274611e-06,-0.0002777741631088,61.4875177,27.3074386,60.98278804,27.74868508,61.98714442,27.75323782,61.98824135,26.86439403,60.991897,26.85987761,2019-05-08 00:00:00+00,-1,268928407
54,16,1653,3,1,8,1,zg,1653120108,40,22.4234009,2018-09-18 11:25:07.416+00,2019-10-10 08:10:56.227+00,1600.5,1600.5,61.5086627,27.2922217,0.0002777742813649,1.393714221395e-06,1.393714221395e-06,-0.0002777742813649,61.5086627,27.2922217,61.0040454,27.73350651,62.00826192,27.73798414,62.00927714,26.84914028,61.01306635,26.84469834,2019-05-08 00:00:00+00,-1,268928562
55,16,1653,6,1,20,1,zg,1653120120,39,22.4347,2018-09-18 11:25:07.416+00,2019-10-10 08:10:56.227+00,1600.5,1600.5,63.61589,29.2009684,0.0002777604123206,-3.105990115193e-06,-3.105990115193e-06,-0.0002777604123206,63.61589,29.2009684,63.11026109,29.64938623,64.13290399,29.63940418,64.11710551,28.75066686,63.1032894,28.76056274,2019-05-08 00:00:00+00,-1,268928500
56,16,1653,10,4,39,1,zg,1653120139,40,22.4706993,2018-09-18 11:25:07.416+00,2019-10-10 08:10:56.227+00,1600.5,1600.5,63.6303775,30.2556431,0.0002777589102457,-3.237530882317e-06,-3.237530882317e-06,-0.0002777589102457,63.6303775,30.2556431,63.11955388,30.70422843,64.15319372,30.69382167,64.13654637,29.80509368,63.11221601,29.81540671,2019-05-08 00:00:00+00,-1,268928524
57,16,1653,6,4,23,2,zr,1653120223,26,22.0067005,2018-08-26 09:15:16.593+00,2019-10-09 08:52:13.789+00,1600.5,1600.5,63.5834483,28.3527261,0.0002777607602351,-3.074719628905e-06,-3.074719628905e-06,-0.0002777607602351,63.5834483,28.3527261,63.08193257,28.801127,64.09614324,28.79124693,64.08073729,27.90250602,63.07498008,27.91230374,2019-05-08 00:00:00+00,-1,268928430
58,16,1653,2,3,6,1,zg,1653120106,39,22.3302002,2018-09-18 11:25:07.416+00,2019-10-10 08:10:56.227+00,1600.5,1600.5,62.6044666,26.4270164,0.0002777768340065,-7.240970166848e-07,-7.240970166848e-07,-0.0002777768340065,62.6044666,26.4270164,62.10754615,26.87174007,63.10397431,26.86941408,63.09756062,25.98058831,62.10878531,25.98289644,2019-05-08 00:00:00+00,-1,268928031
59,16,1653,1,1,0,1,zg,1653120100,40,22.4479008,2018-09-18 11:25:07.416+00,2019-10-10 08:10:56.227+00,1600.5,1600.5,65.6671596,27.2535928,0.0002776506797692,-8.402014691878e-06,-8.402014691878e-06,-0.0002776506797692,65.6671596,27.2535928,65.18057574,27.71041678,66.18398453,27.68342356,66.1497557,26.79510036,65.1543224,26.82187884,2019-05-08 00:00:00+00,-1,268928495
60,16,1653,9,4,35,2,zr,1653120235,31,21.9698009,2018-08-26 09:15:16.593+00,2019-10-09 08:52:13.789+00,1600.5,1600.5,65.7625484,30.2247351,0.0002776506068332,-8.404424566847e-06,-8.404424566847e-06,-0.0002776506068332,65.7625484,30.2247351,65.26165922,30.68145259,66.29455984,30.6544375,66.25879729,29.76613062,65.23517719,29.79290277,2019-05-08 00:00:00+00,-1,268928029
61,0,1653,9,4,35,1,zg,1653120135,40,22.5524998,2018-09-18 11:25:07.416+00,2019-10-10 08:10:56.227+00,1600.5,1600.5,65.7823428,30.2138535,0.0002776510899935,-8.388447563737e-06,-8.388447563737e-06,-0.0002776510899935,65.7823428,30.2138535,65.28147955,30.6705465,66.3142657,30.64358282,66.27856827,29.7552741,65.25505762,29.78199541,2019-05-08 00:00:00+00,-1,268928507
62,0,1653,9,2,33,1,zg,1653120133,40,22.5751991,2018-09-18 11:25:07.416+00,2019-10-10 08:10:56.227+00,1600.5,1600.5,64.8042068,31.1023171,0.0002777117826767,-6.054716312364e-06,-6.054716312364e-06,-0.0002777117826767,64.8042068,31.1023171,64.29415762,31.55532158,65.33688155,31.53585622,65.3094027,30.64732343,64.27638529,30.66660751,2019-05-08 00:00:00+00,-1,268928522
63,0,1653,9,3,34,1,zg,1653120134,40,22.5254993,2018-09-18 11:25:07.416+00,2019-10-10 08:10:56.227+00,1600.5,1600.5,64.7823796,30.2360494,0.0002777148913125,-5.910412034062e-06,-5.910412034062e-06,-0.0002777148913125,64.7823796,30.2360494,64.2766922,30.68886094,65.30995625,30.66986251,65.28341978,29.78131397,64.25945014,29.80014143,2019-05-08 00:00:00+00,-1,268928515
64,16,1653,5,3,18,2,zr,1653120218,29,22.0147991,2018-08-26 09:15:16.593+00,2019-10-09 08:52:13.789+00,1600.5,1600.5,64.7139316,28.3370262,0.0002777167900094,-5.820513204566e-06,-5.820513204566e-06,-0.0002777167900094,64.7139316,28.3370262,64.21756357,28.7897689,65.23145899,28.77106577,65.20607895,27.88250225,64.20062486,27.9010496,2019-05-08 00:00:00+00,-1,268928475
65,0,1653,5,2,17,1,zg,1653120117,39,22.4547997,2018-09-18 11:25:07.416+00,2019-10-10 08:10:56.227+00,1600.5,1600.5,64.7438688,29.1877137,0.0002777137521742,-5.963696881367e-06,-5.963696881367e-06,-0.0002777137521742,64.7438688,29.1877137,64.24363027,29.64064944,65.26596456,29.62148334,65.23969984,28.73293488,64.22618048,28.75193565,2019-05-08 00:00:00+00,-1,268927897
66,16,1653,15,1,56,1,zg,1653120156,36,22.4365997,2018-09-18 11:25:07.416+00,2019-10-10 08:10:56.227+00,1600.5,1600.5,61.4600649,33.0407774,0.0002777640641133,2.760165639184e-06,2.760165639184e-06,-0.0002777640641133,61.4600649,33.0407774,60.9219664,33.47961235,61.98762812,33.48848928,61.99281489,32.59965559,60.93785021,32.59086777,2019-05-08 00:00:00+00,-1,268928496
67,0,1653,13,2,49,1,zg,1653120149,40,22.5372009,2018-09-18 11:25:07.416+00,2019-10-10 08:10:56.227+00,1600.5,1600.5,64.8576806,33.0172649,0.000277697654008,-6.671340609992e-06,-6.671340609992e-06,-0.000277697654008,64.8576806,33.0172649,64.33785212,33.47116083,65.40296613,33.44970535,65.37217187,32.56123624,64.31773223,32.58247659,2019-05-08 00:00:00+00,-1,268928509
68,0,1653,13,3,50,1,zg,1653120150,40,22.5580006,2018-09-18 11:25:07.416+00,2019-10-10 08:10:56.227+00,1600.5,1600.5,64.8331528,32.1510655,0.0002777010726753,-6.527485133238e-06,-6.527485133238e-06,-0.0002777010726753,64.8331528,32.1510655,64.31813191,32.60477092,65.37284236,32.58378154,65.34306076,31.69529501,64.29857611,31.71608078,2019-05-08 00:00:00+00,-1,268928523
69,16,1653,15,1,56,2,zr,1653120256,37,22.1110992,2018-08-26 09:15:16.593+00,2019-10-09 08:52:13.789+00,1600.5,1600.5,61.4448565,33.0399987,0.0002777642712156,2.739245014665e-06,2.739245014665e-06,-0.0002777642712156,61.4448565,33.0399987,60.90680236,33.47886765,61.97245531,33.4876773,61.97756232,32.59884329,60.92260603,32.59012208,2019-05-08 00:00:00+00,-1,268928547
70,0,1653,15,3,58,2,zr,1653120258,26,21.9689999,2018-08-26 09:15:16.593+00,2019-10-09 08:52:13.789+00,1600.5,1600.5,60.4327344,32.1619332,0.0002777263154471,5.346731268434e-06,5.346731268434e-06,-0.0002777263154471,60.4327344,32.1619332,59.89516216,32.59658752,60.95009786,32.61378018,60.96518913,31.72502766,59.92048848,31.70800186,2019-05-08 00:00:00+00,-1,268928436
71,16,1653,14,3,54,1,zg,1653120154,35,22.3875999,2018-09-18 11:25:07.416+00,2019-10-10 08:10:56.227+00,1600.5,1600.5,62.6378372,32.1716254,0.0002777737532077,-1.495277920058e-06,-1.495277920058e-06,-0.0002777737532077,62.6378372,32.1716254,62.11304694,32.6173556,63.16827969,32.61254746,63.15750396,31.72374994,62.1125182,31.72851139,2019-05-08 00:00:00+00,-1,268928026
72,0,1653,14,4,55,1,zg,1653120155,40,22.4881992,2018-09-18 11:25:07.416+00,2019-10-10 08:10:56.227+00,1600.5,1600.5,63.6590548,32.1659504,0.0002777459924708,-4.202082045299e-06,-4.202082045299e-06,-0.0002777459924708,63.6590548,32.1659504,63.13946692,32.61598836,64.19452578,32.60247636,64.17352267,31.7138099,63.1287038,31.72719073,2019-05-08 00:00:00+00,-1,268928526
73,16,1653,2,4,7,2,zr,1653120207,29,21.9806004,2018-08-26 09:15:16.593+00,2019-10-09 08:52:13.789+00,1600.5,1600.5,63.5617364,26.4378755,0.0002777625986998,-2.903892333697e-06,-2.903892333697e-06,-0.0002777625986998,63.5617364,26.4378755,63.06868872,26.88607703,64.06516093,26.87674895,64.05095625,25.98799564,63.06213968,25.99725205,2019-05-08 00:00:00+00,-1,268928435
74,16,1653,7,4,27,1,zg,1653120127,38,22.4099998,2018-09-18 11:25:07.416+00,2019-10-10 08:10:56.227+00,1600.5,1600.5,61.5020583,28.3425658,0.0002777683055054,2.293966819656e-06,2.293966819656e-06,-0.0002777683055054,61.5020583,28.3425658,60.99081857,28.78235351,62.00495831,28.78972476,62.00907304,27.90088781,61.00338329,27.89357799,2019-05-08 00:00:00+00,-1,268928485
75,0,1653,8,4,31,1,zg,1653120131,40,22.5056,2018-09-18 11:25:07.416+00,2019-10-10 08:10:56.227+00,1600.5,1600.5,59.3893335,28.3151727,0.000277679964859,7.370952653296998e-06,7.370952653296998e-06,-0.000277679964859,59.3893335,28.3151727,58.86916491,28.74666324,59.88271191,28.77034832,59.90528841,27.88172619,58.90016882,27.85823818,2019-05-08 00:00:00+00,-1,268928480
76,16,1653,8,3,30,2,zr,1653120230,28,21.9636993,2018-08-26 09:15:16.593+00,2019-10-09 08:52:13.789+00,1600.5,1600.5,58.3872979,28.2891057,0.0002776094340999,9.669329133218e-06,9.669329133218e-06,-0.0002776094340999,58.3872979,28.2891057,57.86321358,28.71679183,58.87624705,28.7478621,58.90717844,27.85943507,57.90255259,27.82862297,2019-05-08 00:00:00+00,-1,268928438
77,0,1653,13,1,48,2,zr,1653120248,40,22.0034008,2018-08-26 09:15:16.593+00,2019-10-09 08:52:13.789+00,1600.5,1600.5,65.8701717,32.9916651,0.0002776215005855,-9.316449959102e-06,-9.316449959102e-06,-0.0002776215005855,65.8701717,32.9916651,65.35569016,33.44969365,66.42019341,33.41973149,66.37932863,32.53154849,65.32547452,32.56121057,2019-05-08 00:00:00+00,-1,268928538
78,0,1653,16,2,61,1,zg,1653120161,40,22.3792992,2018-09-18 11:25:07.416+00,2019-10-10 08:10:56.227+00,1600.5,1600.5,58.2203046,32.9770505,0.0002775821039358,1.042446169778e-05,1.042446169778e-05,-0.0002775821039358,58.2203046,32.9770505,57.66833904,33.40327285,58.73250976,33.4367983,58.76695251,32.54842354,57.71341718,32.5152336,2019-05-08 00:00:00+00,-1,268928546
79,16,1653,14,2,53,1,zg,1653120153,39,22.4986,2018-09-18 11:25:07.416+00,2019-10-10 08:10:56.227+00,1600.5,1600.5,62.6435377,33.04139,0.0002777733722,-1.564456389266e-06,-1.564456389266e-06,-0.0002777733722,62.6435377,33.04139,62.11367065,33.48719399,63.17937616,33.48216256,63.16805534,32.59336891,62.11304863,32.59834982,2019-05-08 00:00:00+00,-1,268928505
80,16,1653,13,4,51,2,zr,1653120251,34,21.9850006,2018-08-26 09:15:16.593+00,2019-10-09 08:52:13.789+00,1600.5,1600.5,65.8341032,32.1260744,0.0002776257430102,-9.189159113963e-06,-9.189159113963e-06,-0.0002776257430102,65.8341032,32.1260744,65.32439915,32.58393963,66.37852541,32.55439172,66.3387062,31.66618752,65.29478196,31.69544916,2019-05-08 00:00:00+00,-1,268928521
81,0,1653,13,2,49,2,zr,1653120249,33,22.0007,2018-08-26 09:15:16.593+00,2019-10-09 08:52:13.789+00,1600.5,1600.5,64.8374612,33.0170212,0.0002776977640381,-6.666758987286e-06,-6.666758987286e-06,-0.0002776977640381,64.8374612,33.0170212,64.31762522,33.47090995,65.38273667,33.4494692,65.35196002,32.56099967,64.29752283,32.58222543,2019-05-08 00:00:00+00,-1,268928503
82,16,1653,8,4,31,2,zr,1653120231,28,22.0627995,2018-08-26 09:15:16.593+00,2019-10-09 08:52:13.789+00,1600.5,1600.5,59.3687845,28.3156223,0.0002776803663921,7.355810457534999e-06,7.355810457534999e-06,-0.0002776803663921,59.3687845,28.3156223,58.84864044,28.74713779,59.86219329,28.77077422,59.88471475,27.882151,58.87958956,27.85871124,2019-05-08 00:00:00+00,-1,268928440
83,16,1653,5,1,16,2,zr,1653120216,33,22.0289993,2018-08-26 09:15:16.593+00,2019-10-09 08:52:13.789+00,1600.5,1600.5,65.7261049,29.1797306,0.0002776550992919,-8.254675301177998e-06,-8.254675301177998e-06,-0.0002776550992919,65.7261049,29.1797306,65.23021334,29.63625416,66.25224789,29.60972539,66.21759448,28.72139628,65.20436384,28.74769634,2019-05-08 00:00:00+00,-1,268928493
84,0,1653,5,4,19,1,zg,1653120119,40,22.5035,2018-09-18 11:25:07.416+00,2019-10-10 08:10:56.227+00,1600.5,1600.5,65.7165806,28.3028393,0.0002776578348562,-8.162142495615e-06,-8.162142495615e-06,-0.0002776578348562,65.7165806,28.3028393,65.22473903,28.75925113,66.23808455,28.73302379,66.20421244,27.84468003,65.19928633,27.87068928,2019-05-08 00:00:00+00,-1,268928499
85,16,1653,1,1,0,2,zr,1653120200,37,22.0102997,2018-08-26 09:15:16.593+00,2019-10-09 08:52:13.789+00,1600.5,1600.5,65.6611179,27.2568669,0.0002776504973387,-8.408041074185e-06,-8.408041074185e-06,-0.0002776504973387,65.6611179,27.2568669,65.17453061,27.71370015,66.17796883,27.68668755,66.14371676,26.79836504,65.14825536,26.82516271,2019-05-08 00:00:00+00,-1,268928479
86,16,1653,9,3,34,2,zr,1653120234,27,21.9452991,2018-08-26 09:15:16.593+00,2019-10-09 08:52:13.789+00,1600.5,1600.5,64.7606666,30.2510321,0.0002777148829462,-5.910805128938e-06,-5.910805128938e-06,-0.0002777148829462,64.7606666,30.2510321,64.25490143,30.70384367,65.28832581,30.68484393,65.26178104,29.79629548,64.23765808,29.81512414,2019-05-08 00:00:00+00,-1,268928434
87,16,1653,6,1,20,2,zr,1653120220,30,22.0037994,2018-08-26 09:15:16.593+00,2019-10-09 08:52:13.789+00,1600.5,1600.5,63.5951168,29.2162926,0.0002777605035926,-3.09781715097e-06,-3.09781715097e-06,-0.0002777605035926,63.5951168,29.2162926,63.08939573,29.66469684,64.11219469,29.65474104,64.09642103,28.76600335,63.08245574,28.77587316,2019-05-08 00:00:00+00,-1,268928466
88,16,1653,5,2,17,2,zr,1653120217,29,21.9717999,2018-08-26 09:15:16.593+00,2019-10-09 08:52:13.789+00,1600.5,1600.5,64.7346673,29.204174,0.0002777140583203,-5.949423370904e-06,-5.949423370904e-06,-0.0002777140583203,64.7346673,29.204174,64.23432023,29.65708666,65.25682279,29.63796638,65.23060318,28.74941681,64.21692296,28.76837205,2019-05-08 00:00:00+00,-1,268928441
89,16,1653,6,4,23,1,zg,1653120123,38,22.4078999,2018-09-18 11:25:07.416+00,2019-10-10 08:10:56.227+00,1600.5,1600.5,63.6025354,28.3344695,0.0002777606719724,-3.082682689294e-06,-3.082682689294e-06,-0.0002777606719724,63.6025354,28.3344695,63.10112212,28.78288375,64.11515492,28.77297812,64.09972589,27.88423756,63.09413865,27.89406068,2019-05-08 00:00:00+00,-1,268928497
90,16,1653,1,4,3,2,zr,1653120203,40,22.0478992,2018-08-26 09:15:16.593+00,2019-10-09 08:52:13.789+00,1600.5,1600.5,65.6344741,26.389817,0.0002776531918669,-8.318586011196e-06,-8.318586011196e-06,-0.0002776531918669,65.6344741,26.389817,65.15150477,26.84654191,66.14715692,26.81982064,66.11363125,25.93148393,65.12560343,25.9580004,2019-05-08 00:00:00+00,-1,268928512
91,16,1653,2,1,4,2,zr,1653120204,28,21.9659996,2018-08-26 09:15:16.593+00,2019-10-09 08:52:13.789+00,1600.5,1600.5,63.5725879,27.3032929,0.0002777625000589,-2.913312231887e-06,-2.913312231887e-06,-0.0002777625000589,63.5725879,27.3032929,63.0756954,27.75147711,64.07997087,27.74211739,64.06547591,26.8533664,63.06920941,26.86265147,2019-05-08 00:00:00+00,-1,268928414
92,16,1653,6,3,22,2,zr,1653120222,26,21.9388008,2018-08-26 09:15:16.593+00,2019-10-09 08:52:13.789+00,1600.5,1600.5,62.6012928,28.3587771,0.0002777767707192,-7.479812788296001e-07,-7.479812788296001e-07,-0.0002777767707192,62.6012928,28.3587771,62.09548827,28.8034651,63.10981703,28.80106159,63.10286831,27.9122383,62.09699758,27.91462177,2019-05-08 00:00:00+00,-1,268928413
93,16,1653,7,2,25,2,zr,1653120225,29,22.0648994,2018-08-26 09:15:16.593+00,2019-10-09 08:52:13.789+00,1600.5,1600.5,60.482536,29.2027427,0.000277739112953,4.634540236419e-06,4.634540236419e-06,-0.000277739112953,60.482536,29.2027427,59.96275111,29.63868811,60.98533259,29.65358261,60.99790846,28.76480607,59.98415187,28.75004014,2019-05-08 00:00:00+00,-1,268928023
94,16,1653,7,2,25,1,zg,1653120125,40,22.4568005,2018-09-18 11:25:07.416+00,2019-10-10 08:10:56.227+00,1600.5,1600.5,60.5008627,29.1982516,0.0002777387397294,4.656853088945e-06,4.656853088945e-06,-0.0002777387397294,60.5008627,29.1982516,59.98106079,29.63416074,61.00359526,29.64912694,61.01625321,28.7603513,60.00254156,28.74551426,2019-05-08 00:00:00+00,-1,268927845
95,16,1653,12,4,47,1,zg,1653120147,37,22.4382992,2018-09-18 11:25:07.416+00,2019-10-10 08:10:56.227+00,1600.5,1600.5,59.3389239,30.2306526,0.0002776723390937,7.652837995126e-06,7.652837995126e-06,-0.0002776723390937,59.3389239,30.2306526,58.80823059,30.66159745,59.84127643,30.68619669,59.86497414,29.79758816,58.84121449,29.77321021,2019-05-08 00:00:00+00,-1,268926491
96,16,1653,3,3,10,2,zr,1653120210,22,21.8453007,2018-08-26 09:15:16.593+00,2019-10-09 08:52:13.789+00,1600.5,1600.5,60.5268704,26.4332184,0.0002777552257262,3.539549255928e-06,3.539549255928e-06,-0.0002777552257262,60.5268704,26.4332184,60.02234429,26.87105928,61.01874869,26.88242925,61.02757004,25.99362003,60.03881859,25.9823374,2019-05-08 00:00:00+00,-1,268928419
97,16,1653,6,2,21,2,zr,1653120221,30,22.0111008,2018-08-26 09:15:16.593+00,2019-10-09 08:52:13.789+00,1600.5,1600.5,62.6048365,29.2213838,0.0002777765964916,-8.101040898546999e-07,-8.101040898546999e-07,-0.0002777765964916,62.6048365,29.2213838,62.09486614,29.66613745,63.1177769,29.66353392,63.11038785,28.77471299,62.09631509,28.77729403,2019-05-08 00:00:00+00,-1,268928530
98,16,1653,2,2,5,1,zg,1653120105,39,22.3721008,2018-09-18 11:25:07.416+00,2019-10-10 08:10:56.227+00,1600.5,1600.5,62.6073579,27.2936321,0.0002777766836812,-7.796346443875999e-07,-7.796346443875999e-07,-0.0002777766836812,62.6073579,27.2936321,62.10664231,27.73841189,63.11088061,27.73590713,63.1040702,26.84708342,62.10783848,26.84956821,2019-05-08 00:00:00+00,-1,268928551
99,16,1653,4,2,13,1,zg,1653120113,40,22.3957996,2018-09-18 11:25:07.416+00,2019-10-10 08:10:56.227+00,1600.5,1600.5,58.4428311,27.2414982,0.0002776438196374,8.625731522691e-06,8.625731522691e-06,-0.0002776438196374,58.4428311,27.2414982,57.92567337,27.67095911,58.92894592,27.69867101,58.956004,26.81015222,57.96070115,26.78266066,2019-05-08 00:00:00+00,-1,268928489
100,16,1653,7,1,24,2,zr,1653120224,32,22.0846996,2018-08-26 09:15:16.593+00,2019-10-09 08:52:13.789+00,1600.5,1600.5,61.4738064,29.2124878,0.0002777678253241,2.351391477307e-06,2.351391477307e-06,-0.0002777678253241,61.4738064,29.2124878,60.95810258,29.65214754,61.98089018,29.65970447,61.98509378,28.77086772,60.97113908,28.76337606,2019-05-08 00:00:00+00,-1,268928482
101,16,1653,7,3,26,1,zg,1653120126,36,22.3899002,2018-09-18 11:25:07.416+00,2019-10-10 08:10:56.227+00,1600.5,1600.5,60.517126,28.3318104,0.000277739128765,4.633592557574e-06,4.633592557574e-06,-0.000277739128765,60.517126,28.3318104,60.00174049,28.76779289,61.0156678,28.78268207,61.02829063,27.89390718,60.02280511,27.879142,2019-05-08 00:00:00+00,-1,268928478
102,16,1653,4,1,12,1,zg,1653120112,37,22.4668999,2018-09-18 11:25:07.416+00,2019-10-10 08:10:56.227+00,1600.5,1600.5,59.4179006,27.2650716,0.0002777016903079,6.501155842867e-06,6.501155842867e-06,-0.0002777016903079,59.4179006,27.2650716,58.90434924,27.69803695,59.90805018,27.71892332,59.92745893,26.83024642,58.93174409,26.80952631,2019-05-08 00:00:00+00,-1,268928467
103,0,1653,4,3,14,1,zg,1653120114,40,22.3003006,2018-09-18 11:25:07.416+00,2019-10-10 08:10:56.227+00,1600.5,1600.5,58.4729142,26.3755706,0.0002776465269513,8.538143766192e-06,8.538143766192e-06,-0.0002776465269513,58.4729142,26.3755706,57.95991582,26.80521151,58.95541861,26.83263799,58.98210366,25.94411516,57.99421876,25.91689875,2019-05-08 00:00:00+00,-1,268928492
104,16,1653,8,2,29,2,zr,1653120229,31,22.0314999,2018-08-26 09:15:16.593+00,2019-10-09 08:52:13.789+00,1600.5,1600.5,58.3529409,29.15702,0.0002776059600762,9.768559635491001e-06,9.768559635491001e-06,-0.0002776059600762,58.3529409,29.15702,57.82423456,29.5845045,58.8458557,29.61589843,58.8772535,28.72747699,57.8644199,28.69635343,2019-05-08 00:00:00+00,-1,268928032
105,16,1653,5,3,18,1,zg,1653120118,37,22.4517994,2018-09-18 11:25:07.416+00,2019-10-10 08:10:56.227+00,1600.5,1600.5,64.7349165,28.3214274,0.0002777166065577,-5.829259743776e-06,-5.829259743776e-06,-0.0002777166065577,64.7349165,28.3214274,64.23863894,28.77418445,65.25238211,28.75545326,65.22697676,27.86689038,64.22166815,27.88546566,2019-05-08 00:00:00+00,-1,268928030
106,16,1653,1,2,1,1,zg,1653120101,36,22.3845997,2018-09-18 11:25:07.416+00,2019-10-10 08:10:56.227+00,1600.5,1600.5,64.6948913,27.2761592,0.00027770683744,-6.27744105622e-06,-6.27744105622e-06,-0.00027770683744,64.6948913,27.2761592,64.20427977,27.72965938,65.20810158,27.7094917,65.18150717,26.82096179,64.18567665,26.84096884,2019-05-08 00:00:00+00,-1,268928472
107,16,1653,11,4,43,2,zr,1653120243,27,22.0568008,2018-08-26 09:15:16.593+00,2019-10-09 08:52:13.789+00,1600.5,1600.5,61.4683386,30.2611389,0.000277770567075,2.001472938071e-06,2.001472938071e-06,-0.000277770567075,61.4683386,30.2611389,60.94776008,30.70132249,61.98150276,30.70775606,61.98426032,29.81891493,60.95983125,29.81253933,2019-05-08 00:00:00+00,-1,268928470
108,16,1653,16,4,63,1,zg,1653120163,39,22.5284996,2018-09-18 11:25:07.416+00,2019-10-10 08:10:56.227+00,1600.5,1600.5,59.2787771,32.1420248,0.0002776725672632,7.644554701643998e-06,7.644554701643998e-06,-0.0002776725672632,59.2787771,32.1420248,58.73708627,32.57289966,59.79158049,32.59748096,59.81535946,31.70886465,58.77108224,31.68452169,2019-05-08 00:00:00+00,-1,268928528
109,16,1653,10,2,37,1,zg,1653120137,39,22.4748001,2018-09-18 11:25:07.416+00,2019-10-10 08:10:56.227+00,1600.5,1600.5,62.6326029,31.128473,0.0002777766275614,-7.993795714212001e-07,-7.993795714212001e-07,-0.0002777766275614,62.6326029,31.128473,62.11246523,31.57313243,63.15572856,31.57056248,63.14787642,30.68174357,62.11434139,30.68428956,2019-05-08 00:00:00+00,-1,268928518
110,16,1653,11,1,40,2,zr,1653120240,26,22.0368996,2018-08-26 09:15:16.593+00,2019-10-09 08:52:13.789+00,1600.5,1600.5,61.4605893,31.1385902,0.0002777699124202,2.090354327838e-06,2.090354327838e-06,-0.0002777699124202,61.4605893,31.1385902,60.93500665,31.57859332,61.97835763,31.58531367,61.98130582,30.69647293,60.94768712,30.68981527,2019-05-08 00:00:00+00,-1,268928439
111,16,1653,10,4,39,2,zr,1653120239,30,22.0524006,2018-08-26 09:15:16.593+00,2019-10-09 08:52:13.789+00,1600.5,1600.5,63.6093799,30.2678055,0.0002777588729393,-3.240729950278e-06,-3.240729950278e-06,-0.0002777588729393,63.6093799,30.2678055,63.09849787,30.71639543,64.13226787,30.70597836,64.11560434,29.81725057,63.0911495,29.82757376,2019-05-08 00:00:00+00,-1,268928028
112,16,1653,16,3,62,2,zr,1653120262,38,21.9647999,2018-08-26 09:15:16.593+00,2019-10-09 08:52:13.789+00,1600.5,1600.5,58.249461,32.1135567,0.0002775868631239,1.029695334209e-05,1.029695334209e-05,-0.0002775868631239,58.249461,32.1135567,57.70309716,32.54003134,58.75692658,32.57314128,58.79072991,31.68475804,57.74709044,31.65196868,2019-05-08 00:00:00+00,-1,268928550
113,16,1653,16,3,62,1,zg,1653120162,40,22.2936993,2018-09-18 11:25:07.416+00,2019-10-10 08:10:56.227+00,1600.5,1600.5,58.2561085,32.1142287,0.0002775863913488,1.030966367648e-05,1.030966367648e-05,-0.0002775863913488,58.2561085,32.1142287,57.70971747,32.54068212,58.76355297,32.57383294,58.79740446,31.685451,57.75375918,31.65262117,2019-05-08 00:00:00+00,-1,268928525
114,16,1653,12,2,45,2,zr,1653120245,37,22.1544991,2018-08-26 09:15:16.593+00,2019-10-09 08:52:13.789+00,1600.5,1600.5,58.2847429,31.068187,0.0002775885918694,1.025024346524e-05,1.025024346524e-05,-0.0002775885918694,58.2847429,31.068187,57.74466094,31.49478648,58.78653497,31.5277398,58.81998851,30.63935732,57.78778725,30.60671034,2019-05-08 00:00:00+00,-1,268928532
115,0,1653,16,4,63,2,zr,1653120263,28,22.0237999,2018-08-26 09:15:16.593+00,2019-10-09 08:52:13.789+00,1600.5,1600.5,59.2602887,32.1413052,0.0002776726407263,7.641885843583e-06,7.641885843583e-06,-0.0002776726407263,59.2602887,32.1413052,58.71860712,32.5721845,59.77309316,32.59675722,59.79686199,31.70814071,58.7525926,31.68380625,2019-05-08 00:00:00+00,-1,268928483
116,0,1653,12,2,45,1,zg,1653120145,40,22.4556999,2018-09-18 11:25:07.416+00,2019-10-10 08:10:56.227+00,1600.5,1600.5,58.302226,31.06883,0.0002775879473693,1.026768242821e-05,1.026768242821e-05,-0.0002775879473693,58.302226,31.06883,57.76210898,31.49540038,58.80398773,31.52840977,58.83750656,30.64002909,57.8053008,30.60732658,2019-05-08 00:00:00+00,-1,268928531
117,16,1653,12,1,44,2,zr,1653120244,29,22.0907993,2018-08-26 09:15:16.593+00,2019-10-09 08:52:13.789+00,1600.5,1600.5,59.2916963,31.0961283,0.0002776683002888,7.798002425196e-06,7.798002425196e-06,-0.0002776683002888,59.2916963,31.0961283,58.75588265,31.52679589,59.79837188,31.55186571,59.82266126,30.6632647,58.78986947,30.63842826,2019-05-08 00:00:00+00,-1,268928468
118,16,1653,12,1,44,1,zg,1653120144,40,22.4964008,2018-09-18 11:25:07.416+00,2019-10-10 08:10:56.227+00,1600.5,1600.5,59.3109489,31.0968541,0.0002776677848143,7.816335681403e-06,7.816335681403e-06,-0.0002776677848143,59.3109489,31.0968541,58.77509781,31.52749136,59.81759319,31.55262012,59.84195116,30.66402049,58.8091535,30.63912566,2019-05-08 00:00:00+00,-1,268928511
119,16,1653,15,3,58,1,zg,1653120158,38,22.4650993,2018-09-18 11:25:07.416+00,2019-10-10 08:10:56.227+00,1600.5,1600.5,60.45333,32.1617912,0.0002777260024412,5.362965146167e-06,5.362965146167e-06,-0.0002777260024412,60.45333,32.1617912,59.91572854,32.59641893,60.97066136,32.61366379,60.98581402,31.72491201,59.94111613,31.70783452,2019-05-08 00:00:00+00,-1,268928510
120,16,1653,15,4,59,1,zg,1653120159,38,22.4717007,2018-09-18 11:25:07.416+00,2019-10-10 08:10:56.227+00,1600.5,1600.5,61.4744943,32.1742567,0.0002777647892841,2.686198261868e-06,2.686198261868e-06,-0.0002777647892841,61.4744943,32.1742567,60.94180257,32.61324957,61.99703177,32.62188719,62.00206254,31.73305307,60.95708034,31.72449933,2019-05-08 00:00:00+00,-1,268928519
121,16,1653,14,2,53,2,zr,1653120253,31,21.9311008,2018-08-26 09:15:16.593+00,2019-10-09 08:52:13.789+00,1600.5,1600.5,62.6224207,33.0534237,0.0002777733752276,-1.563918739418e-06,-1.563918739418e-06,-0.0002777733752276,62.6224207,33.0534237,62.09247897,33.49922632,63.1583326,33.49419661,63.14700983,32.60540295,62.09186138,32.61038215,2019-05-08 00:00:00+00,-1,268928484
122,0,1653,14,1,52,1,zg,1653120152,40,22.5506001,2018-09-18 11:25:07.416+00,2019-10-10 08:10:56.227+00,1600.5,1600.5,63.6748654,33.0323867,0.0002777455784685,-4.229357914929e-06,-4.229357914929e-06,-0.0002777455784685,63.6748654,33.0323867,63.15019289,33.48243188,64.21567941,33.46882993,64.19419301,32.58016818,63.13939625,32.59363364,2019-05-08 00:00:00+00,-1,268928508
123,16,1653,11,1,40,1,zg,1653120140,39,22.4605007,2018-09-18 11:25:07.416+00,2019-10-10 08:10:56.227+00,1600.5,1600.5,61.4813292,31.1275593,0.0002777699111907,2.090517705421e-06,2.090517705421e-06,-0.0002777699111907,61.4813292,31.1275593,60.95580842,31.56756262,61.99903595,31.57428348,62.00198653,30.68544274,60.96848592,30.67878455,2019-05-08 00:00:00+00,-1,268928506
124,0,1653,13,1,48,1,zg,1653120148,40,22.4330997,2018-09-18 11:25:07.416+00,2019-10-10 08:10:56.227+00,1600.5,1600.5,65.8873364,32.9926372,0.0002776222392279,-9.294413008462e-06,-9.294413008462e-06,-0.0002776222392279,65.8873364,32.9926372,65.37280562,33.45063145,66.43732367,33.42074017,66.39654226,32.53255445,65.34267398,32.56214637,2019-05-08 00:00:00+00,-1,268928570
125,0,1653,14,4,55,2,zr,1653120255,26,21.8834991,2018-08-26 09:15:16.593+00,2019-10-09 08:52:13.789+00,1600.5,1600.5,63.6385143,32.176936,0.0002777459658135,-4.203843656532e-06,-4.203843656532e-06,-0.0002777459658135,63.6385143,32.176936,63.11886603,32.6269763,64.17405424,32.6134586,64.15303976,31.72479229,63.10809713,31.73817871,2019-05-08 00:00:00+00,-1,268928465
126,16,1653,14,3,54,2,zr,1653120254,26,21.9508991,2018-08-26 09:15:16.593+00,2019-10-09 08:52:13.789+00,1600.5,1600.5,62.6161146,32.1895477,0.0002777737684915,-1.492435983357e-06,-1.492435983357e-06,-0.0002777737684915,62.6161146,32.1895477,62.09121384,32.63527261,63.14665795,32.63047358,63.13588729,31.741676,62.0906993,31.74642839,2019-05-08 00:00:00+00,-1,268928034
127,0,1653,16,2,61,2,zr,1653120261,40,22.0463009,2018-08-26 09:15:16.593+00,2019-10-09 08:52:13.789+00,1600.5,1600.5,58.2115589,32.9792447,0.0002775825838023,1.041167598179e-05,1.041167598179e-05,-0.0002775825838023,58.2115589,32.9792447,57.65960285,33.40548827,58.72380233,33.43897262,58.75819668,32.55059652,57.70463383,32.5174473,2019-05-08 00:00:00+00,-1,268928542
